code,name,price,category,discount
6603,Instant Pot Duo,785.78,Tools & Home Improvement,5
7820,Whirlpool Refrigerator,1173.67,Tools & Home Improvement,5
2649,Puma Running Shorts,170.69,Beauty,8
9444,Ninja Blender,715.09,Electronics,9
2005,Apple MacBook Pro,81.13,Health & Personal Care,10
6676,Samsung Galaxy S21,107.03,Kitchen & Dining,7
9678,Garmin Edge 530,422.58,Apparel,11
1336,Polar H10 Heart Rate Sensor,1013.94,Kitchen & Dining,7
5442,Ninja Blender,290.11,Electronics,9
1674,Polar H10 Heart Rate Sensor,486.67,Apparel,11
7874,Craftsman Tool Set,143.38,Home & Garden,12
7882,Craftsman Tool Set,1319.88,Beauty,8
7586,Stanley Tool Box,682.58,Electronics,9
2499,Nike Air Max 270,272.67,Electronics,9
1478,Philips Sonicare Toothbrush,1128.43,Sports & Outdoors,11
3739,Stanley Tool Box,1024.72,Home & Garden,12
9688,Garmin Forerunner 945,271.3,Sports & Outdoors,11
7254,Timex Ironman Watch,863.6,Beauty,8
7117,Adidas Ultraboost Shoes,886.23,Kitchen & Dining,7
3807,Braun Electric Shaver,405.77,Kitchen & Dining,7
3509,Stanley Tool Box,989.42,Kitchen & Dining,7
9912,Black+Decker Toaster Oven,757.12,Health & Personal Care,10
2975,Asus ROG Gaming Laptop,592.8,Sports & Outdoors,11
3539,Neutrogena Hydro Boost Gel,411.98,Health & Personal Care,10
3274,Black+Decker Toaster Oven,1424.44,Home & Garden,12
5960,L'Oréal Paris Shampoo,1383.18,Tools & Home Improvement,5
8151,Makita Circular Saw,917.75,Beauty,8
4486,Garmin Edge 530,1062.18,Home & Garden,12
6356,Reebok Workout Leggings,1359.87,Electronics,9
7305,Bose QuietComfort 35 II,340.37,Electronics,9
6927,Craftsman Tool Set,1280.97,Electronics,9
9049,Instant Pot Duo,125.64,Electronics,9
5184,Skil Cordless Screwdriver,1215.83,Tools & Home Improvement,5
8015,Dyson V11 Vacuum,343.24,Electronics,9
2022,Philips Sonicare Toothbrush,208.86,Sports & Outdoors,11
6595,Olay Regenerist Cream,1355.53,Home Appliances,6
3517,Patagonia Down Jacket,856.42,Home Appliances,6
5860,Nike Air Max 270,1358.92,Sports & Outdoors,11
8912,Fitbit Charge 4,1298.59,Tools & Home Improvement,5
5915,Sony WH-1000XM4 Headphones,247.1,Sports & Outdoors,11
1901,Black+Decker Toaster Oven,1401.47,Kitchen & Dining,7
9060,Skil Cordless Screwdriver,557.98,Apparel,11
3563,The North Face Parka,210.1,Beauty,8
2839,MSI Gaming Monitor,653.85,Health & Personal Care,10
9064,Huffy Cruiser Bike,863.66,Tools & Home Improvement,5
1064,MSI Gaming Monitor,681.11,Beauty,8
2754,Trek Marlin 7 Mountain Bike,119.07,Kitchen & Dining,7
6648,Canon EOS Rebel Camera,85.65,Health & Personal Care,10
2331,Fitbit Charge 4,1463.65,Sports & Outdoors,11
7706,Whirlpool Refrigerator,358.5,Home Appliances,6
2610,Polar H10 Heart Rate Sensor,746.45,Home & Garden,12
9775,Reebok Workout Leggings,1223.95,Tools & Home Improvement,5
6732,Instant Pot Duo,9.21,Beauty,8
4989,Bose QuietComfort 35 II,1209.23,Beauty,8
9354,L'Oréal Paris Shampoo,1045.89,Beauty,8
8429,Sony WH-1000XM4 Headphones,513.49,Beauty,8
1860,Black+Decker Toaster Oven,169.96,Beauty,8
8299,Bosch Dishwasher,312.52,Home Appliances,6
9756,The North Face Parka,1218.16,Home & Garden,12
5904,DeLonghi Espresso Machine,791.45,Electronics,9
2514,Timex Ironman Watch,1169.99,Health & Personal Care,10
5863,Patagonia Down Jacket,290.84,Kitchen & Dining,7
7854,Braun Electric Shaver,1061.72,Tools & Home Improvement,5
7248,Canon EOS Rebel Camera,1384.06,Tools & Home Improvement,5
5913,Maybelline Mascara,1202.55,Home Appliances,6
9237,Asus ROG Gaming Laptop,635.25,Home & Garden,12
1359,The North Face Parka,1327.83,Tools & Home Improvement,5
6695,Neutrogena Hydro Boost Gel,898.8,Home Appliances,6
8371,Polar H10 Heart Rate Sensor,208.51,Electronics,9
5481,Clinique Moisture Surge,864.29,Tools & Home Improvement,5
1390,Patagonia Down Jacket,1416.2,Electronics,9
1693,Columbia Fleece Jacket,940.05,Sports & Outdoors,11
4360,MSI Gaming Monitor,1335.28,Beauty,8
6312,Reebok Workout Leggings,1201.79,Tools & Home Improvement,5
2535,T-Fal Cookware Set,446.12,Apparel,11
8393,Ninja Blender,1206.1,Kitchen & Dining,7
1184,Salomon Trail Running Shoes,425.25,Electronics,9
1578,Bose QuietComfort 35 II,772.77,Home & Garden,12
5843,Ninja Blender,1390.01,Sports & Outdoors,11
2780,Braun Electric Shaver,1419.33,Sports & Outdoors,11
6462,"Samsung 65"" QLED TV",299.64,Home & Garden,12
6526,Vichy Mineral 89 Serum,1484.51,Beauty,8
2557,Champion Sweatshirt,574.65,Apparel,11
5949,Reebok Workout Leggings,1055.99,Beauty,8
9345,Salomon Trail Running Shoes,664.76,Kitchen & Dining,7
6288,DeLonghi Espresso Machine,900.86,Kitchen & Dining,7
2036,Keurig Coffee Maker,1445.4,Sports & Outdoors,11
5047,Champion Sweatshirt,349.54,Home Appliances,6
1922,Champion Sweatshirt,716.65,Home & Garden,12
8496,T-Fal Cookware Set,817.43,Sports & Outdoors,11
9931,Neutrogena Hydro Boost Gel,9.31,Beauty,8
8950,Makita Circular Saw,1012.17,Home Appliances,6
6616,Columbia Fleece Jacket,1139.51,Health & Personal Care,10
7203,Maybelline Mascara,97.21,Tools & Home Improvement,5
6488,Olay Total Effects,151.51,Home & Garden,12
5962,JBL Flip 5 Speaker,559.37,Home & Garden,12
5368,Neutrogena Hydro Boost Gel,527.21,Kitchen & Dining,7
1361,Phillips Airfryer,645.0,Sports & Outdoors,11
2916,Hamilton Beach Coffee Maker,1082.88,Apparel,11
2417,Skil Cordless Screwdriver,885.75,Beauty,8
7639,Skil Cordless Screwdriver,395.03,Beauty,8
8104,Asus ROG Gaming Laptop,1356.03,Kitchen & Dining,7
8019,MSI Gaming Monitor,528.45,Electronics,9
1178,Dyson V11 Vacuum,1034.69,Tools & Home Improvement,5
2588,Sony WH-1000XM4 Headphones,1498.27,Tools & Home Improvement,5
9469,Black+Decker Toaster Oven,192.53,Beauty,8
2962,LG Washing Machine,1014.79,Home Appliances,6
3239,The North Face Parka,1276.24,Kitchen & Dining,7
7319,Braun Electric Shaver,782.94,Health & Personal Care,10
9694,MSI Gaming Monitor,311.81,Sports & Outdoors,11
1567,Hamilton Beach Coffee Maker,1462.55,Electronics,9
1810,DeWalt Cordless Drill,1103.55,Health & Personal Care,10
6283,Maybelline Mascara,830.28,Electronics,9
8351,Columbia Fleece Jacket,378.03,Health & Personal Care,10
7051,MSI Gaming Monitor,686.29,Electronics,9
5842,Puma Running Shorts,1033.85,Electronics,9
4945,Skil Cordless Screwdriver,1487.56,Tools & Home Improvement,5
5303,Makita Circular Saw,1343.54,Home & Garden,12
7571,The North Face Parka,118.19,Electronics,9
4535,Olay Regenerist Cream,1465.42,Health & Personal Care,10
4208,Clinique Moisture Surge,1210.31,Sports & Outdoors,11
8038,Phillips Airfryer,172.65,Kitchen & Dining,7
5468,The North Face Parka,949.76,Tools & Home Improvement,5
2582,Stanley Tool Box,1374.25,Electronics,9
7537,Philips Sonicare Toothbrush,1382.75,Apparel,11
4741,Samsung Galaxy S21,917.03,Tools & Home Improvement,5
5780,DeWalt Cordless Drill,859.27,Sports & Outdoors,11
5862,Olay Total Effects,1126.15,Kitchen & Dining,7
1030,Bosch Dishwasher,642.57,Sports & Outdoors,11
8367,Nike Air Max 270,766.53,Health & Personal Care,10
3580,KitchenAid Stand Mixer,1478.43,Home Appliances,6
1424,T-Fal Cookware Set,635.96,Health & Personal Care,10
3554,Bose QuietComfort 35 II,169.82,Tools & Home Improvement,5
1688,Garnier Micellar Water,872.99,Kitchen & Dining,7
3545,Olay Regenerist Cream,1466.43,Electronics,9
8998,Keurig Coffee Maker,1330.15,Tools & Home Improvement,5
4718,T-Fal Cookware Set,1033.04,Health & Personal Care,10
6136,T-Fal Cookware Set,531.22,Home & Garden,12
2132,MSI Gaming Monitor,324.54,Sports & Outdoors,11
1086,JBL Flip 5 Speaker,1239.07,Tools & Home Improvement,5
4706,Canon EOS Rebel Camera,556.95,Health & Personal Care,10
9263,Columbia Fleece Jacket,1397.92,Home & Garden,12
7050,Columbia Fleece Jacket,107.66,Home & Garden,12
1776,MSI Gaming Monitor,1182.84,Electronics,9
7562,Dyson V11 Vacuum,132.81,Kitchen & Dining,7
5635,Whirlpool Refrigerator,1251.79,Home & Garden,12
7485,Olay Regenerist Cream,1185.31,Kitchen & Dining,7
2669,Skil Cordless Screwdriver,167.09,Sports & Outdoors,11
4890,Patagonia Down Jacket,1351.88,Health & Personal Care,10
6069,Stanley Tool Box,688.02,Tools & Home Improvement,5
5054,Neutrogena Hydro Boost Gel,1152.99,Tools & Home Improvement,5
9832,Maybelline Mascara,728.48,Home & Garden,12
3842,Sony WH-1000XM4 Headphones,915.42,Kitchen & Dining,7
9904,L'Oréal Paris Shampoo,365.64,Sports & Outdoors,11
1258,Philips Sonicare Toothbrush,406.55,Apparel,11
7044,DeLonghi Espresso Machine,759.62,Kitchen & Dining,7
4127,Salomon Trail Running Shoes,352.95,Sports & Outdoors,11
4789,Craftsman Tool Set,371.78,Tools & Home Improvement,5
8488,MSI Gaming Monitor,1161.54,Kitchen & Dining,7
2017,Patagonia Down Jacket,152.4,Home Appliances,6
1751,Under Armour Hoodie,1301.08,Tools & Home Improvement,5
4199,Reebok Workout Leggings,451.45,Home & Garden,12
6392,Garmin Forerunner 945,287.93,Apparel,11
2520,Dyson V11 Vacuum,444.31,Electronics,9
4026,Salomon Trail Running Shoes,1234.18,Home Appliances,6
3487,Braun Electric Shaver,107.27,Kitchen & Dining,7
2905,T-Fal Cookware Set,198.31,Home & Garden,12
9785,Huffy Cruiser Bike,79.16,Electronics,9
8053,Nike Air Max 270,932.74,Apparel,11
6011,Patagonia Down Jacket,28.04,Beauty,8
5338,"Samsung 65"" QLED TV",995.83,Apparel,11
5568,Champion Sweatshirt,377.59,Tools & Home Improvement,5
5804,L'Oréal Paris Shampoo,882.74,Home & Garden,12
9574,Salomon Trail Running Shoes,973.32,Home & Garden,12
9683,Maybelline Mascara,812.07,Electronics,9
3990,Champion Sweatshirt,1079.59,Sports & Outdoors,11
4252,Garnier Micellar Water,603.94,Sports & Outdoors,11
5365,Garnier Micellar Water,239.23,Home & Garden,12
3289,Samsung Galaxy S21,194.18,Home & Garden,12
2937,Fitbit Charge 4,318.75,Beauty,8
1622,Garmin Edge 530,956.74,Home & Garden,12
7519,Instant Pot Duo,984.49,Sports & Outdoors,11
1741,Black+Decker Toaster Oven,205.31,Home & Garden,12
4283,Makita Circular Saw,1226.42,Home & Garden,12
9911,Olay Total Effects,215.46,Apparel,11
2282,Polar H10 Heart Rate Sensor,716.66,Kitchen & Dining,7
9021,MSI Gaming Monitor,71.6,Kitchen & Dining,7
6685,Hamilton Beach Coffee Maker,280.76,Home Appliances,6
6991,Dyson V11 Vacuum,1145.84,Electronics,9
5437,Instant Pot Duo,1494.39,Apparel,11
9390,Patagonia Down Jacket,408.23,Apparel,11
2355,KitchenAid Stand Mixer,1093.3,Beauty,8
5412,T-Fal Cookware Set,407.36,Electronics,9
3417,MSI Gaming Monitor,765.15,Electronics,9
4680,Skil Cordless Screwdriver,59.56,Beauty,8
6060,Huffy Cruiser Bike,76.54,Home & Garden,12
1954,Columbia Fleece Jacket,48.94,Electronics,9
3173,Clinique Moisture Surge,1222.35,Health & Personal Care,10
9334,Levi's 501 Original Jeans,290.98,Electronics,9
2976,Champion Sweatshirt,1333.81,Tools & Home Improvement,5
3860,Garmin Forerunner 945,1176.93,Kitchen & Dining,7
4250,Timex Ironman Watch,223.17,Sports & Outdoors,11
6021,Clinique Moisture Surge,764.99,Apparel,11
8585,MSI Gaming Monitor,74.69,Home & Garden,12
6543,Clinique Moisture Surge,1122.09,Apparel,11
7445,Clinique Moisture Surge,1308.11,Health & Personal Care,10
8031,Clinique Moisture Surge,124.9,Health & Personal Care,10
6542,Dyson V11 Vacuum,1268.02,Electronics,9
8339,Canon EOS Rebel Camera,1183.12,Electronics,9
6816,Polar H10 Heart Rate Sensor,927.88,Sports & Outdoors,11
5110,Fitbit Charge 4,711.62,Sports & Outdoors,11
3574,Olay Total Effects,126.66,Kitchen & Dining,7
2857,Polar H10 Heart Rate Sensor,1073.97,Home & Garden,12
4639,Olay Total Effects,1090.79,Electronics,9
2830,Black+Decker Toaster Oven,1453.5,Kitchen & Dining,7
6192,Clinique Moisture Surge,1307.27,Sports & Outdoors,11
9260,Black+Decker Toaster Oven,523.51,Sports & Outdoors,11
7001,Olay Total Effects,1334.19,Kitchen & Dining,7
4755,Bose QuietComfort 35 II,632.92,Health & Personal Care,10
7454,Vichy Mineral 89 Serum,1498.24,Beauty,8
4318,T-Fal Cookware Set,1401.9,Kitchen & Dining,7
5898,Philips Sonicare Toothbrush,868.22,Beauty,8
4245,Dyson V11 Vacuum,783.05,Kitchen & Dining,7
8612,Braun Electric Shaver,1326.4,Kitchen & Dining,7
9885,Keurig Coffee Maker,285.06,Kitchen & Dining,7
3874,Keurig Coffee Maker,560.23,Home & Garden,12
3970,"Samsung 65"" QLED TV",1155.52,Home Appliances,6
2654,LG Washing Machine,916.66,Beauty,8
5977,Garnier Micellar Water,890.43,Apparel,11
6908,Puma Running Shorts,1354.85,Health & Personal Care,10
4344,Asus ROG Gaming Laptop,253.79,Electronics,9
6705,Salomon Trail Running Shoes,744.51,Electronics,9
7394,Reebok Workout Leggings,1309.32,Sports & Outdoors,11
5873,Adidas Ultraboost Shoes,460.12,Home & Garden,12
7635,Keurig Coffee Maker,1459.26,Home Appliances,6
6002,Adidas Ultraboost Shoes,319.59,Beauty,8
2013,Asus ROG Gaming Laptop,1197.45,Tools & Home Improvement,5
5275,Bose QuietComfort 35 II,459.41,Home Appliances,6
6938,Champion Sweatshirt,74.09,Sports & Outdoors,11
5768,Ninja Blender,1357.73,Sports & Outdoors,11
7776,MSI Gaming Monitor,1381.74,Health & Personal Care,10
9757,Nike Air Max 270,247.77,Kitchen & Dining,7
8346,Samsung Galaxy S21,611.7,Home & Garden,12
3759,Adidas Ultraboost Shoes,325.46,Home & Garden,12
5183,Under Armour Hoodie,1164.9,Electronics,9
1917,Olay Regenerist Cream,581.1,Tools & Home Improvement,5
3415,Nike Air Max 270,161.38,Sports & Outdoors,11
4205,Oral-B Electric Toothbrush,128.94,Home & Garden,12
2011,Phillips Airfryer,709.99,Health & Personal Care,10
2548,Olay Total Effects,1250.95,Electronics,9
6681,Clinique Moisture Surge,1083.8,Apparel,11
4257,Ninja Blender,1204.23,Electronics,9
2504,Olay Total Effects,1385.32,Tools & Home Improvement,5
2121,Neutrogena Hydro Boost Gel,538.47,Beauty,8
9620,Canon EOS Rebel Camera,1035.17,Kitchen & Dining,7
2668,Bosch Dishwasher,1484.13,Sports & Outdoors,11
1536,Dyson V11 Vacuum,1005.73,Electronics,9
1665,Olay Total Effects,1005.51,Tools & Home Improvement,5
3442,Makita Circular Saw,1091.91,Tools & Home Improvement,5
2863,Puma Running Shorts,202.28,Beauty,8
6670,Stanley Tool Box,263.73,Tools & Home Improvement,5
1119,Polar H10 Heart Rate Sensor,104.54,Beauty,8
1847,Canon EOS Rebel Camera,1093.24,Home Appliances,6
4929,Garmin Edge 530,889.31,Electronics,9
1273,Hamilton Beach Coffee Maker,364.73,Apparel,11
5647,Reebok Workout Leggings,1043.71,Kitchen & Dining,7
6321,The North Face Parka,653.31,Apparel,11
9265,Levi's 501 Original Jeans,341.71,Home & Garden,12
5743,Garnier Micellar Water,954.58,Sports & Outdoors,11
2736,Black+Decker Toaster Oven,969.73,Apparel,11
1629,Reebok Workout Leggings,474.49,Electronics,9
2095,Adidas Ultraboost Shoes,1345.94,Beauty,8
7264,Olay Regenerist Cream,1272.01,Home & Garden,12
4573,Clinique Moisture Surge,1420.82,Home Appliances,6
5884,Maybelline Mascara,1002.95,Apparel,11
4077,Olay Total Effects,1470.51,Electronics,9
1950,Olay Regenerist Cream,796.62,Health & Personal Care,10
8308,Under Armour Hoodie,1085.74,Sports & Outdoors,11
6598,Neutrogena Hydro Boost Gel,1293.32,Electronics,9
3885,MSI Gaming Monitor,1490.11,Health & Personal Care,10
4665,Stanley Tool Box,536.03,Home & Garden,12
5249,Asus ROG Gaming Laptop,411.29,Beauty,8
5337,JBL Flip 5 Speaker,162.47,Sports & Outdoors,11
2698,Oral-B Electric Toothbrush,1391.55,Kitchen & Dining,7
6905,Maybelline Mascara,16.44,Beauty,8
8932,Bose QuietComfort 35 II,548.07,Electronics,9
5938,Philips Sonicare Toothbrush,1187.14,Kitchen & Dining,7
8318,Maybelline Mascara,1041.24,Health & Personal Care,10
9611,Garmin Edge 530,44.74,Sports & Outdoors,11
8866,Garnier Micellar Water,981.1,Home & Garden,12
7860,Samsung Galaxy S21,190.52,Home & Garden,12
6976,Makita Circular Saw,181.17,Health & Personal Care,10
1075,Huffy Cruiser Bike,47.04,Sports & Outdoors,11
3847,Garnier Micellar Water,1447.21,Sports & Outdoors,11
9479,DeWalt Cordless Drill,809.97,Sports & Outdoors,11
4708,Dyson V11 Vacuum,355.22,Beauty,8
1534,LG Washing Machine,1405.8,Kitchen & Dining,7
9967,Trek Marlin 7 Mountain Bike,256.39,Home Appliances,6
6839,Under Armour Hoodie,876.52,Electronics,9
3886,Keurig Coffee Maker,1294.47,Apparel,11
8626,Levi's 501 Original Jeans,1101.91,Home Appliances,6
5281,Salomon Trail Running Shoes,1364.79,Home Appliances,6
2452,Puma Running Shorts,1005.49,Beauty,8
1569,LG Washing Machine,1399.09,Beauty,8
8196,Sony WH-1000XM4 Headphones,702.65,Electronics,9
7580,Maybelline Mascara,1274.98,Health & Personal Care,10
6656,Sony WH-1000XM4 Headphones,970.22,Home & Garden,12
1844,Olay Regenerist Cream,70.95,Home Appliances,6
6724,Keurig Coffee Maker,339.98,Home & Garden,12
3390,Fitbit Charge 4,1092.17,Kitchen & Dining,7
8460,MSI Gaming Monitor,185.96,Apparel,11
5550,Dyson V11 Vacuum,1000.62,Electronics,9
4714,Reebok Workout Leggings,1298.6,Sports & Outdoors,11
5464,Reebok Workout Leggings,1497.07,Kitchen & Dining,7
3548,Craftsman Tool Set,152.25,Apparel,11
7677,Adidas Ultraboost Shoes,1262.64,Home Appliances,6
4378,Olay Regenerist Cream,256.88,Beauty,8
9538,Olay Regenerist Cream,1140.05,Electronics,9
3450,Timex Ironman Watch,38.78,Home Appliances,6
4459,Fitbit Charge 4,555.34,Kitchen & Dining,7
2432,Columbia Fleece Jacket,914.87,Home & Garden,12
2922,Garmin Edge 530,874.04,Home Appliances,6
5570,JBL Flip 5 Speaker,80.34,Apparel,11
9115,Sony WH-1000XM4 Headphones,931.2,Sports & Outdoors,11
3633,Olay Regenerist Cream,953.37,Sports & Outdoors,11
3925,Trek Marlin 7 Mountain Bike,1365.29,Health & Personal Care,10
3871,T-Fal Cookware Set,839.19,Electronics,9
8981,Apple MacBook Pro,1286.49,Home & Garden,12
3608,Olay Regenerist Cream,361.56,Tools & Home Improvement,5
6116,Olay Regenerist Cream,948.51,Kitchen & Dining,7
6393,Neutrogena Hydro Boost Gel,1193.41,Apparel,11
9743,LG Washing Machine,427.22,Beauty,8
8993,Stanley Tool Box,1338.11,Electronics,9
8668,Asus ROG Gaming Laptop,1359.04,Electronics,9
2862,Levi's 501 Original Jeans,661.43,Sports & Outdoors,11
4793,Nike Air Max 270,313.2,Home Appliances,6
4468,Garmin Forerunner 945,1033.15,Beauty,8
3147,Clinique Moisture Surge,1409.87,Health & Personal Care,10
4928,Hamilton Beach Coffee Maker,426.33,Kitchen & Dining,7
2977,Garmin Forerunner 945,890.43,Apparel,11
7221,DeWalt Cordless Drill,874.19,Home Appliances,6
8953,Levi's 501 Original Jeans,884.42,Home Appliances,6
9631,Champion Sweatshirt,1285.72,Apparel,11
5233,Skil Cordless Screwdriver,202.23,Health & Personal Care,10
6723,Patagonia Down Jacket,1354.61,Beauty,8
6099,KitchenAid Stand Mixer,620.14,Beauty,8
8802,Bosch Dishwasher,755.03,Home & Garden,12
3866,Skil Cordless Screwdriver,1311.43,Home Appliances,6
9321,Asus ROG Gaming Laptop,33.17,Health & Personal Care,10
5492,Columbia Fleece Jacket,304.06,Electronics,9
7180,Under Armour Hoodie,892.19,Home Appliances,6
8917,Neutrogena Hydro Boost Gel,1353.15,Sports & Outdoors,11
4646,Dyson V11 Vacuum,648.52,Electronics,9
6777,Polar H10 Heart Rate Sensor,1273.96,Sports & Outdoors,11
8540,Ninja Blender,570.72,Sports & Outdoors,11
2792,Timex Ironman Watch,1198.3,Health & Personal Care,10
4562,Trek Marlin 7 Mountain Bike,1474.46,Health & Personal Care,10
5246,Canon EOS Rebel Camera,353.53,Apparel,11
7560,Salomon Trail Running Shoes,684.27,Kitchen & Dining,7
9910,Stanley Tool Box,509.88,Home & Garden,12
1606,DeWalt Cordless Drill,1437.5,Home & Garden,12
8375,Garnier Micellar Water,647.97,Apparel,11
6363,Ninja Blender,196.68,Electronics,9
4985,Reebok Workout Leggings,1397.12,Beauty,8
4028,Philips Sonicare Toothbrush,1211.26,Health & Personal Care,10
9760,Nike Air Max 270,458.98,Home & Garden,12
9359,Nike Air Max 270,1430.83,Home & Garden,12
4103,Trek Marlin 7 Mountain Bike,1456.88,Beauty,8
7531,Under Armour Hoodie,1279.21,Electronics,9
3679,JBL Flip 5 Speaker,384.75,Home & Garden,12
6876,Garmin Forerunner 945,607.92,Electronics,9
3462,Puma Running Shorts,224.51,Health & Personal Care,10
2493,Garnier Micellar Water,50.7,Electronics,9
7135,Levi's 501 Original Jeans,227.5,Health & Personal Care,10
5714,MSI Gaming Monitor,727.79,Apparel,11
4439,Columbia Fleece Jacket,1404.87,Home Appliances,6
6520,T-Fal Cookware Set,886.0,Apparel,11
3149,The North Face Parka,1428.38,Electronics,9
6746,T-Fal Cookware Set,542.56,Home Appliances,6
5202,Craftsman Tool Set,266.88,Electronics,9
5661,Nike Air Max 270,526.65,Kitchen & Dining,7
1781,Huffy Cruiser Bike,287.37,Sports & Outdoors,11
4274,Clinique Moisture Surge,721.35,Sports & Outdoors,11
6025,Timex Ironman Watch,1077.21,Tools & Home Improvement,5
9951,Whirlpool Refrigerator,1396.32,Electronics,9
4023,Philips Sonicare Toothbrush,1330.55,Health & Personal Care,10
8492,Salomon Trail Running Shoes,1220.22,Tools & Home Improvement,5
2616,Asus ROG Gaming Laptop,1166.27,Beauty,8
1638,Maybelline Mascara,929.14,Electronics,9
4805,Trek Marlin 7 Mountain Bike,715.28,Sports & Outdoors,11
9147,Under Armour Hoodie,1228.28,Beauty,8
5268,Makita Circular Saw,335.12,Home & Garden,12
6784,Sony WH-1000XM4 Headphones,1054.71,Health & Personal Care,10
1728,Keurig Coffee Maker,737.17,Beauty,8
5592,DeLonghi Espresso Machine,1125.39,Health & Personal Care,10
5043,L'Oréal Paris Shampoo,1247.9,Kitchen & Dining,7
8403,Garmin Forerunner 945,1431.19,Health & Personal Care,10
6130,Samsung Galaxy S21,280.64,Kitchen & Dining,7
8281,Samsung Galaxy S21,1117.59,Tools & Home Improvement,5
8260,DeWalt Cordless Drill,734.9,Kitchen & Dining,7
6105,Neutrogena Hydro Boost Gel,835.59,Electronics,9
9096,Olay Total Effects,8.21,Home & Garden,12
1934,Black+Decker Toaster Oven,452.52,Sports & Outdoors,11
1321,Craftsman Tool Set,1152.95,Kitchen & Dining,7
2420,Columbia Fleece Jacket,239.98,Apparel,11
5291,Maybelline Mascara,160.91,Apparel,11
2611,Whirlpool Refrigerator,239.56,Home Appliances,6
6970,Neutrogena Hydro Boost Gel,1249.5,Electronics,9
1749,Craftsman Tool Set,664.09,Home Appliances,6
5538,Dyson V11 Vacuum,677.0,Health & Personal Care,10
6201,DeLonghi Espresso Machine,108.65,Apparel,11
6887,Sony WH-1000XM4 Headphones,1207.9,Electronics,9
5995,Whirlpool Refrigerator,269.09,Apparel,11
2337,Bose QuietComfort 35 II,786.17,Home & Garden,12
2345,Adidas Ultraboost Shoes,401.82,Sports & Outdoors,11
1280,Under Armour Hoodie,888.0,Home & Garden,12
5776,JBL Flip 5 Speaker,1349.02,Tools & Home Improvement,5
9807,Ninja Blender,841.76,Sports & Outdoors,11
4233,Under Armour Hoodie,1328.25,Kitchen & Dining,7
7357,Whirlpool Refrigerator,460.84,Sports & Outdoors,11
2635,Fitbit Charge 4,1183.44,Apparel,11
6267,Champion Sweatshirt,1155.63,Home Appliances,6
9101,Champion Sweatshirt,698.01,Home & Garden,12
4892,Fitbit Charge 4,1104.97,Sports & Outdoors,11
1109,Timex Ironman Watch,1300.59,Tools & Home Improvement,5
8127,Whirlpool Refrigerator,1155.57,Beauty,8
2587,Sony WH-1000XM4 Headphones,853.45,Home Appliances,6
2373,Apple MacBook Pro,1229.76,Kitchen & Dining,7
5868,Olay Regenerist Cream,470.17,Apparel,11
2248,Trek Marlin 7 Mountain Bike,7.23,Apparel,11
2919,Reebok Workout Leggings,1056.73,Electronics,9
6686,L'Oréal Paris Shampoo,231.06,Home & Garden,12
4970,Vichy Mineral 89 Serum,235.5,Health & Personal Care,10
6237,Samsung Galaxy S21,1379.78,Apparel,11
4309,Levi's 501 Original Jeans,1112.3,Health & Personal Care,10
2025,Bose QuietComfort 35 II,1425.31,Apparel,11
5759,Olay Regenerist Cream,1266.69,Beauty,8
4956,Trek Marlin 7 Mountain Bike,1332.91,Home & Garden,12
9782,Maybelline Mascara,292.27,Home & Garden,12
5544,Salomon Trail Running Shoes,634.77,Home & Garden,12
8215,T-Fal Cookware Set,281.55,Health & Personal Care,10
5203,L'Oréal Paris Shampoo,1061.44,Sports & Outdoors,11
6592,Skil Cordless Screwdriver,233.27,Electronics,9
7008,Apple MacBook Pro,719.94,Home Appliances,6
4333,Champion Sweatshirt,67.01,Beauty,8
9159,Nike Air Max 270,1267.43,Apparel,11
5648,Whirlpool Refrigerator,1456.59,Sports & Outdoors,11
5422,Adidas Ultraboost Shoes,1117.04,Sports & Outdoors,11
5421,Black+Decker Toaster Oven,1207.18,Health & Personal Care,10
2745,KitchenAid Stand Mixer,1474.02,Tools & Home Improvement,5
8093,Samsung Galaxy S21,387.57,Kitchen & Dining,7
6583,Samsung Galaxy S21,430.05,Health & Personal Care,10
3707,Champion Sweatshirt,1024.4,Health & Personal Care,10
1787,Bosch Dishwasher,103.72,Home Appliances,6
5011,Apple MacBook Pro,726.94,Home Appliances,6
9732,L'Oréal Paris Shampoo,267.94,Health & Personal Care,10
2511,Columbia Fleece Jacket,333.47,Sports & Outdoors,11
6553,Vichy Mineral 89 Serum,269.11,Sports & Outdoors,11
7855,Olay Total Effects,100.53,Beauty,8
5997,Olay Total Effects,1214.45,Home Appliances,6
3221,Olay Total Effects,1346.48,Beauty,8
6524,Asus ROG Gaming Laptop,603.58,Sports & Outdoors,11
6762,Oral-B Electric Toothbrush,1031.52,Kitchen & Dining,7
5445,KitchenAid Stand Mixer,861.24,Health & Personal Care,10
1355,Whirlpool Refrigerator,1129.53,Electronics,9
2232,Garnier Micellar Water,886.39,Electronics,9
3286,KitchenAid Stand Mixer,801.98,Tools & Home Improvement,5
5987,Garnier Micellar Water,1277.29,Home Appliances,6
9970,Bose QuietComfort 35 II,460.75,Electronics,9
9247,Instant Pot Duo,605.1,Apparel,11
5266,Makita Circular Saw,176.05,Beauty,8
5512,Levi's 501 Original Jeans,455.61,Sports & Outdoors,11
6172,MSI Gaming Monitor,724.75,Sports & Outdoors,11
3115,Columbia Fleece Jacket,898.53,Health & Personal Care,10
5491,DeLonghi Espresso Machine,1054.86,Electronics,9
7209,Hamilton Beach Coffee Maker,624.03,Beauty,8
1382,MSI Gaming Monitor,523.68,Beauty,8
6369,Hamilton Beach Coffee Maker,1013.86,Electronics,9
2938,L'Oréal Paris Shampoo,848.64,Tools & Home Improvement,5
7501,Nike Air Max 270,26.52,Tools & Home Improvement,5
5698,Timex Ironman Watch,1339.78,Tools & Home Improvement,5
7880,Reebok Workout Leggings,93.46,Tools & Home Improvement,5
3812,Sony WH-1000XM4 Headphones,472.74,Kitchen & Dining,7
6422,Adidas Ultraboost Shoes,1033.89,Kitchen & Dining,7
6649,JBL Flip 5 Speaker,541.57,Beauty,8
7896,Bose QuietComfort 35 II,1041.3,Home & Garden,12
9858,Ninja Blender,389.78,Tools & Home Improvement,5
7389,Under Armour Hoodie,1409.77,Tools & Home Improvement,5
9480,Samsung Galaxy S21,636.15,Health & Personal Care,10
2737,Dyson V11 Vacuum,268.8,Beauty,8
3282,Vichy Mineral 89 Serum,1454.67,Tools & Home Improvement,5
6872,MSI Gaming Monitor,298.54,Home Appliances,6
7727,Olay Total Effects,1307.01,Beauty,8
9647,Fitbit Charge 4,624.82,Kitchen & Dining,7
1777,Trek Marlin 7 Mountain Bike,466.91,Beauty,8
7321,Canon EOS Rebel Camera,77.98,Kitchen & Dining,7
3547,Champion Sweatshirt,1157.18,Home & Garden,12
1144,Asus ROG Gaming Laptop,1362.09,Sports & Outdoors,11
1846,Braun Electric Shaver,1123.99,Kitchen & Dining,7
3510,Columbia Fleece Jacket,1322.34,Beauty,8
4325,LG Washing Machine,454.84,Health & Personal Care,10
7836,T-Fal Cookware Set,640.54,Home & Garden,12
8558,Olay Total Effects,1124.61,Health & Personal Care,10
1965,Clinique Moisture Surge,69.3,Electronics,9
2114,Olay Regenerist Cream,1455.74,Health & Personal Care,10
4608,Patagonia Down Jacket,667.66,Health & Personal Care,10
1132,MSI Gaming Monitor,94.79,Beauty,8
1360,Polar H10 Heart Rate Sensor,855.99,Tools & Home Improvement,5
5089,DeWalt Cordless Drill,668.91,Tools & Home Improvement,5
5824,Craftsman Tool Set,247.03,Home & Garden,12
2190,Timex Ironman Watch,288.98,Home & Garden,12
7955,The North Face Parka,1158.18,Tools & Home Improvement,5
6418,Skil Cordless Screwdriver,317.13,Home & Garden,12
7427,Huffy Cruiser Bike,1029.31,Electronics,9
4827,Nike Air Max 270,33.26,Tools & Home Improvement,5
8964,DeLonghi Espresso Machine,545.6,Apparel,11
7150,Champion Sweatshirt,483.06,Health & Personal Care,10
2661,Bosch Dishwasher,529.5,Tools & Home Improvement,5
1057,Patagonia Down Jacket,1253.69,Sports & Outdoors,11
3152,Garmin Forerunner 945,911.57,Electronics,9
3344,Skil Cordless Screwdriver,268.83,Home Appliances,6
8102,Stanley Tool Box,430.52,Electronics,9
2850,Whirlpool Refrigerator,574.2,Electronics,9
7288,Canon EOS Rebel Camera,1392.29,Sports & Outdoors,11
2034,Levi's 501 Original Jeans,974.5,Home Appliances,6
7087,Olay Regenerist Cream,1250.34,Kitchen & Dining,7
4833,Salomon Trail Running Shoes,99.57,Home & Garden,12
1010,Garmin Forerunner 945,426.58,Tools & Home Improvement,5
3209,LG Washing Machine,1398.38,Health & Personal Care,10
6486,Clinique Moisture Surge,224.44,Home & Garden,12
3825,Trek Marlin 7 Mountain Bike,65.38,Home Appliances,6
7561,"Samsung 65"" QLED TV",294.39,Home & Garden,12
5734,Craftsman Tool Set,1071.71,Home & Garden,12
7666,Phillips Airfryer,251.52,Tools & Home Improvement,5
6918,Ninja Blender,880.42,Health & Personal Care,10
6604,Clinique Moisture Surge,1002.25,Health & Personal Care,10
9663,Neutrogena Hydro Boost Gel,1384.24,Electronics,9
9728,The North Face Parka,904.21,Apparel,11
6969,Reebok Workout Leggings,941.31,Home & Garden,12
8128,Hamilton Beach Coffee Maker,446.87,Health & Personal Care,10
5973,Salomon Trail Running Shoes,1294.18,Home Appliances,6
7595,Samsung Galaxy S21,1256.57,Sports & Outdoors,11
2552,DeWalt Cordless Drill,143.4,Home & Garden,12
6798,Apple MacBook Pro,761.15,Electronics,9
6089,Bosch Dishwasher,92.67,Beauty,8
5672,Levi's 501 Original Jeans,1467.86,Home Appliances,6
7826,DeLonghi Espresso Machine,61.86,Sports & Outdoors,11
7098,Under Armour Hoodie,488.92,Tools & Home Improvement,5
7019,Black+Decker Toaster Oven,757.27,Electronics,9
2100,Samsung Galaxy S21,1375.59,Health & Personal Care,10
6841,Asus ROG Gaming Laptop,445.08,Beauty,8
5117,Champion Sweatshirt,1080.65,Beauty,8
4875,Sony WH-1000XM4 Headphones,1129.66,Apparel,11
2127,KitchenAid Stand Mixer,776.38,Beauty,8
6435,DeWalt Cordless Drill,70.96,Home Appliances,6
3551,Sony WH-1000XM4 Headphones,1281.11,Home & Garden,12
3747,Under Armour Hoodie,299.14,Home & Garden,12
8800,Whirlpool Refrigerator,1172.36,Apparel,11
6477,Nike Air Max 270,684.67,Sports & Outdoors,11
8182,L'Oréal Paris Shampoo,447.4,Home & Garden,12
8833,Adidas Ultraboost Shoes,911.4,Home & Garden,12
4399,Reebok Workout Leggings,1346.91,Kitchen & Dining,7
5214,Neutrogena Hydro Boost Gel,1089.37,Home & Garden,12
5192,Fitbit Charge 4,891.83,Electronics,9
9570,Reebok Workout Leggings,367.93,Tools & Home Improvement,5
4598,Braun Electric Shaver,255.81,Kitchen & Dining,7
1275,Braun Electric Shaver,365.36,Home Appliances,6
9123,Samsung Galaxy S21,61.36,Sports & Outdoors,11
5475,Olay Regenerist Cream,82.3,Home Appliances,6
5025,Vichy Mineral 89 Serum,38.5,Tools & Home Improvement,5
7049,Keurig Coffee Maker,1012.09,Home & Garden,12
5022,Sony WH-1000XM4 Headphones,338.89,Health & Personal Care,10
8390,Adidas Ultraboost Shoes,933.54,Apparel,11
6413,The North Face Parka,318.01,Kitchen & Dining,7
9477,Asus ROG Gaming Laptop,1122.65,Health & Personal Care,10
2448,LG Washing Machine,1254.01,Electronics,9
4560,"Samsung 65"" QLED TV",1123.4,Home Appliances,6
3531,Clinique Moisture Surge,234.43,Home Appliances,6
7276,Puma Running Shorts,486.75,Health & Personal Care,10
7878,Patagonia Down Jacket,907.66,Home & Garden,12
2075,Olay Regenerist Cream,1382.43,Tools & Home Improvement,5
4832,Dyson V11 Vacuum,519.54,Sports & Outdoors,11
9919,Apple MacBook Pro,356.89,Sports & Outdoors,11
7795,Black+Decker Toaster Oven,850.69,Home Appliances,6
8410,Keurig Coffee Maker,17.46,Tools & Home Improvement,5
4640,Patagonia Down Jacket,1448.0,Sports & Outdoors,11
8291,Sony WH-1000XM4 Headphones,1416.94,Tools & Home Improvement,5
5932,Vichy Mineral 89 Serum,384.79,Apparel,11
7853,Olay Total Effects,86.68,Beauty,8
7746,Stanley Tool Box,426.88,Electronics,9
2055,Bosch Dishwasher,183.15,Apparel,11
6633,KitchenAid Stand Mixer,1074.46,Electronics,9
4079,Puma Running Shorts,1211.77,Home & Garden,12
3478,Makita Circular Saw,1122.27,Home Appliances,6
3660,Craftsman Tool Set,1021.58,Kitchen & Dining,7
5922,Salomon Trail Running Shoes,989.09,Electronics,9
5751,Columbia Fleece Jacket,400.93,Health & Personal Care,10
2115,Levi's 501 Original Jeans,288.14,Sports & Outdoors,11
9449,Neutrogena Hydro Boost Gel,798.2,Electronics,9
3919,Levi's 501 Original Jeans,81.46,Tools & Home Improvement,5
7033,Polar H10 Heart Rate Sensor,612.31,Health & Personal Care,10
1063,Apple MacBook Pro,1141.94,Beauty,8
3494,Bose QuietComfort 35 II,813.01,Kitchen & Dining,7
2796,Fitbit Charge 4,1409.93,Tools & Home Improvement,5
6342,Phillips Airfryer,1089.21,Home & Garden,12
7738,Nike Air Max 270,515.95,Health & Personal Care,10
9501,Braun Electric Shaver,279.54,Sports & Outdoors,11
2609,Samsung Galaxy S21,1112.02,Kitchen & Dining,7
9455,Columbia Fleece Jacket,901.16,Apparel,11
9347,Under Armour Hoodie,403.81,Apparel,11
2522,Maybelline Mascara,545.85,Home & Garden,12
5854,Garmin Forerunner 945,543.8,Health & Personal Care,10
2801,Olay Total Effects,1085.54,Home Appliances,6
3961,Braun Electric Shaver,454.4,Home & Garden,12
6850,Neutrogena Hydro Boost Gel,311.28,Apparel,11
7530,DeLonghi Espresso Machine,1438.15,Kitchen & Dining,7
7041,Timex Ironman Watch,72.41,Sports & Outdoors,11
3709,Keurig Coffee Maker,742.77,Home Appliances,6
4409,Bosch Dishwasher,615.36,Electronics,9
6324,Bose QuietComfort 35 II,1228.89,Health & Personal Care,10
8594,Skil Cordless Screwdriver,1159.32,Tools & Home Improvement,5
3689,Polar H10 Heart Rate Sensor,357.02,Home Appliances,6
3181,Phillips Airfryer,124.66,Home & Garden,12
1157,Levi's 501 Original Jeans,121.75,Tools & Home Improvement,5
6174,Craftsman Tool Set,516.34,Beauty,8
9737,Makita Circular Saw,1204.9,Sports & Outdoors,11
4655,L'Oréal Paris Shampoo,584.6,Electronics,9
3379,Salomon Trail Running Shoes,248.13,Tools & Home Improvement,5
7072,Bosch Dishwasher,407.9,Kitchen & Dining,7
9346,Garmin Forerunner 945,126.74,Electronics,9
7490,Philips Sonicare Toothbrush,744.38,Electronics,9
9703,Patagonia Down Jacket,1032.21,Sports & Outdoors,11
1543,JBL Flip 5 Speaker,388.18,Home & Garden,12
9353,Phillips Airfryer,424.05,Health & Personal Care,10
9499,Vichy Mineral 89 Serum,62.77,Beauty,8
9369,Stanley Tool Box,338.45,Beauty,8
7287,L'Oréal Paris Shampoo,363.19,Tools & Home Improvement,5
2578,Puma Running Shorts,862.98,Apparel,11
4942,Nike Air Max 270,991.4,Home & Garden,12
9800,Bose QuietComfort 35 II,714.75,Home Appliances,6
3972,Nike Air Max 270,908.52,Beauty,8
6272,Craftsman Tool Set,475.15,Home Appliances,6
1195,Patagonia Down Jacket,1020.42,Tools & Home Improvement,5
6757,Stanley Tool Box,442.75,Beauty,8
3784,Whirlpool Refrigerator,602.24,Tools & Home Improvement,5
3592,Sony WH-1000XM4 Headphones,1354.48,Sports & Outdoors,11
9290,Levi's 501 Original Jeans,1170.21,Beauty,8
3245,Ninja Blender,985.69,Kitchen & Dining,7
4429,The North Face Parka,1407.67,Tools & Home Improvement,5
3569,Puma Running Shorts,820.3,Kitchen & Dining,7
1380,Instant Pot Duo,124.37,Home Appliances,6
9622,Columbia Fleece Jacket,729.55,Beauty,8
9194,Apple MacBook Pro,978.52,Sports & Outdoors,11
2579,Trek Marlin 7 Mountain Bike,1037.04,Home & Garden,12
5508,Instant Pot Duo,716.71,Beauty,8
4209,Dyson V11 Vacuum,481.37,Home Appliances,6
9989,DeLonghi Espresso Machine,357.17,Apparel,11
1207,"Samsung 65"" QLED TV",1098.32,Beauty,8
5683,The North Face Parka,259.35,Home & Garden,12
2292,Garnier Micellar Water,1035.12,Home Appliances,6
9227,Salomon Trail Running Shoes,948.91,Home Appliances,6
8076,Salomon Trail Running Shoes,1197.82,Kitchen & Dining,7
7644,"Samsung 65"" QLED TV",295.1,Home & Garden,12
3232,Salomon Trail Running Shoes,1313.81,Tools & Home Improvement,5
3351,DeLonghi Espresso Machine,1144.74,Sports & Outdoors,11
8150,Skil Cordless Screwdriver,535.16,Beauty,8
5213,Timex Ironman Watch,1245.33,Electronics,9
4288,Polar H10 Heart Rate Sensor,418.99,Kitchen & Dining,7
7637,Dyson V11 Vacuum,1130.37,Home Appliances,6
8680,Instant Pot Duo,1366.68,Home & Garden,12
8445,Philips Sonicare Toothbrush,46.08,Kitchen & Dining,7
8191,Bose QuietComfort 35 II,575.83,Kitchen & Dining,7
3495,Keurig Coffee Maker,985.98,Kitchen & Dining,7
3110,Columbia Fleece Jacket,1413.01,Home & Garden,12
8455,Garnier Micellar Water,111.58,Electronics,9
6264,Clinique Moisture Surge,457.44,Kitchen & Dining,7
8034,Makita Circular Saw,222.94,Home & Garden,12
7606,Vichy Mineral 89 Serum,1035.02,Apparel,11
4686,Makita Circular Saw,1255.96,Apparel,11
3601,Keurig Coffee Maker,1124.67,Health & Personal Care,10
7097,Puma Running Shorts,531.52,Kitchen & Dining,7
3898,Salomon Trail Running Shoes,587.51,Tools & Home Improvement,5
1085,Stanley Tool Box,841.14,Beauty,8
4304,Canon EOS Rebel Camera,135.58,Health & Personal Care,10
6647,Phillips Airfryer,1216.6,Beauty,8
6756,DeWalt Cordless Drill,976.06,Electronics,9
2094,MSI Gaming Monitor,785.34,Apparel,11
1691,Garnier Micellar Water,1257.44,Home Appliances,6
2946,"Samsung 65"" QLED TV",243.56,Beauty,8
8996,"Samsung 65"" QLED TV",1175.83,Home & Garden,12
8518,Stanley Tool Box,539.66,Tools & Home Improvement,5
9936,Reebok Workout Leggings,1235.82,Home Appliances,6
3066,"Samsung 65"" QLED TV",679.29,Electronics,9
1143,Sony WH-1000XM4 Headphones,334.04,Apparel,11
6135,The North Face Parka,568.12,Kitchen & Dining,7
3814,Timex Ironman Watch,946.88,Home & Garden,12
2912,Apple MacBook Pro,1273.08,Apparel,11
3875,Neutrogena Hydro Boost Gel,974.56,Apparel,11
9475,Fitbit Charge 4,708.84,Apparel,11
7352,Craftsman Tool Set,1007.87,Home Appliances,6
3573,Bose QuietComfort 35 II,279.06,Health & Personal Care,10
4685,Clinique Moisture Surge,935.51,Tools & Home Improvement,5
6412,Keurig Coffee Maker,361.2,Tools & Home Improvement,5
4902,Garnier Micellar Water,1146.97,Beauty,8
1995,Garmin Forerunner 945,718.69,Home Appliances,6
1171,Hamilton Beach Coffee Maker,686.69,Home Appliances,6
5278,Clinique Moisture Surge,834.35,Tools & Home Improvement,5
9132,Craftsman Tool Set,791.44,Sports & Outdoors,11
6510,Olay Regenerist Cream,402.65,Apparel,11
1769,Sony WH-1000XM4 Headphones,1301.52,Tools & Home Improvement,5
3586,The North Face Parka,1115.96,Kitchen & Dining,7
5144,Whirlpool Refrigerator,1380.91,Electronics,9
6200,Canon EOS Rebel Camera,1167.49,Tools & Home Improvement,5
8954,Hamilton Beach Coffee Maker,524.04,Tools & Home Improvement,5
8788,KitchenAid Stand Mixer,430.99,Home Appliances,6
8167,Adidas Ultraboost Shoes,160.42,Sports & Outdoors,11
3720,Philips Sonicare Toothbrush,548.14,Sports & Outdoors,11
6581,Canon EOS Rebel Camera,817.77,Apparel,11
3378,Sony WH-1000XM4 Headphones,1210.48,Tools & Home Improvement,5
9077,Garmin Forerunner 945,1250.68,Home Appliances,6
4037,Timex Ironman Watch,1166.99,Tools & Home Improvement,5
9576,Puma Running Shorts,1089.99,Tools & Home Improvement,5
5064,Skil Cordless Screwdriver,124.44,Home & Garden,12
9927,Samsung Galaxy S21,443.4,Tools & Home Improvement,5
8296,"Samsung 65"" QLED TV",1265.53,Sports & Outdoors,11
4390,Black+Decker Toaster Oven,213.22,Beauty,8
3841,Under Armour Hoodie,1361.0,Health & Personal Care,10
7047,Phillips Airfryer,313.36,Electronics,9
4197,Neutrogena Hydro Boost Gel,1449.9,Tools & Home Improvement,5
4226,Instant Pot Duo,1233.1,Home & Garden,12
7613,Bosch Dishwasher,504.33,Health & Personal Care,10
4335,Garmin Forerunner 945,351.77,Home & Garden,12
4176,Trek Marlin 7 Mountain Bike,679.55,Beauty,8
6387,Keurig Coffee Maker,97.31,Kitchen & Dining,7
3059,Dyson V11 Vacuum,713.93,Tools & Home Improvement,5
4323,Adidas Ultraboost Shoes,529.07,Apparel,11
4829,Bosch Dishwasher,1352.77,Sports & Outdoors,11
3172,Olay Total Effects,1293.81,Home & Garden,12
5982,L'Oréal Paris Shampoo,651.38,Kitchen & Dining,7
4626,Olay Regenerist Cream,314.59,Tools & Home Improvement,5
5118,Hamilton Beach Coffee Maker,872.92,Electronics,9
7774,Under Armour Hoodie,891.59,Tools & Home Improvement,5
2014,Reebok Workout Leggings,554.84,Sports & Outdoors,11
9239,Whirlpool Refrigerator,335.75,Tools & Home Improvement,5
7247,T-Fal Cookware Set,1340.87,Apparel,11
2031,Nike Air Max 270,37.62,Home & Garden,12
8481,Braun Electric Shaver,224.96,Beauty,8
4384,JBL Flip 5 Speaker,739.99,Health & Personal Care,10
9795,Hamilton Beach Coffee Maker,739.23,Home Appliances,6
8468,Columbia Fleece Jacket,849.9,Health & Personal Care,10
8850,DeLonghi Espresso Machine,1484.06,Kitchen & Dining,7
8360,Dyson V11 Vacuum,687.88,Beauty,8
3431,Oral-B Electric Toothbrush,87.69,Kitchen & Dining,7
7925,Samsung Galaxy S21,782.79,Beauty,8
6487,T-Fal Cookware Set,635.65,Kitchen & Dining,7
8439,Craftsman Tool Set,602.07,Electronics,9
3285,Canon EOS Rebel Camera,994.4,Tools & Home Improvement,5
3900,Bose QuietComfort 35 II,494.76,Sports & Outdoors,11
2130,Dyson V11 Vacuum,587.67,Home & Garden,12
3514,Olay Regenerist Cream,693.03,Electronics,9
9152,Craftsman Tool Set,812.14,Kitchen & Dining,7
2803,Fitbit Charge 4,643.98,Health & Personal Care,10
9066,Black+Decker Toaster Oven,987.02,Electronics,9
6944,Maybelline Mascara,91.55,Sports & Outdoors,11
8664,Neutrogena Hydro Boost Gel,674.33,Home Appliances,6
8630,Olay Regenerist Cream,1200.84,Kitchen & Dining,7
4388,JBL Flip 5 Speaker,380.09,Tools & Home Improvement,5
3049,Polar H10 Heart Rate Sensor,29.53,Home & Garden,12
3459,T-Fal Cookware Set,929.19,Home & Garden,12
7277,Ninja Blender,1270.58,Beauty,8
7010,DeLonghi Espresso Machine,629.37,Beauty,8
1785,LG Washing Machine,251.31,Home & Garden,12
4672,Garmin Edge 530,152.1,Home & Garden,12
3599,Oral-B Electric Toothbrush,1334.56,Electronics,9
8524,Dyson V11 Vacuum,21.22,Tools & Home Improvement,5
4577,Huffy Cruiser Bike,325.88,Health & Personal Care,10
5649,Vichy Mineral 89 Serum,822.65,Sports & Outdoors,11
3750,The North Face Parka,1453.77,Electronics,9
7148,DeLonghi Espresso Machine,735.45,Home & Garden,12
8803,Columbia Fleece Jacket,139.58,Beauty,8
5218,Keurig Coffee Maker,519.64,Apparel,11
1640,Maybelline Mascara,340.32,Home Appliances,6
1977,Canon EOS Rebel Camera,1029.06,Electronics,9
2122,Stanley Tool Box,1455.49,Tools & Home Improvement,5
6401,Columbia Fleece Jacket,1316.34,Health & Personal Care,10
6985,Samsung Galaxy S21,367.26,Beauty,8
6555,L'Oréal Paris Shampoo,1020.19,Apparel,11
6278,Garmin Forerunner 945,732.45,Health & Personal Care,10
8982,Puma Running Shorts,962.21,Tools & Home Improvement,5
6530,Bosch Dishwasher,948.58,Beauty,8
2445,Garmin Forerunner 945,1341.86,Apparel,11
1278,Oral-B Electric Toothbrush,1302.79,Electronics,9
1387,Sony WH-1000XM4 Headphones,974.29,Home & Garden,12
8564,Polar H10 Heart Rate Sensor,498.26,Health & Personal Care,10
3416,Columbia Fleece Jacket,288.71,Health & Personal Care,10
6444,The North Face Parka,857.35,Beauty,8
1718,Philips Sonicare Toothbrush,829.43,Health & Personal Care,10
2453,Patagonia Down Jacket,826.8,Apparel,11
9649,KitchenAid Stand Mixer,1157.72,Sports & Outdoors,11
7682,Salomon Trail Running Shoes,254.94,Beauty,8
3271,L'Oréal Paris Shampoo,1135.91,Kitchen & Dining,7
9741,KitchenAid Stand Mixer,854.87,Kitchen & Dining,7
3734,Instant Pot Duo,67.6,Home & Garden,12
4628,Ninja Blender,939.86,Health & Personal Care,10
4754,Asus ROG Gaming Laptop,216.88,Tools & Home Improvement,5
8842,Keurig Coffee Maker,959.51,Tools & Home Improvement,5
3076,Hamilton Beach Coffee Maker,204.94,Beauty,8
9041,Columbia Fleece Jacket,42.14,Beauty,8
4430,Hamilton Beach Coffee Maker,568.92,Kitchen & Dining,7
8930,Clinique Moisture Surge,671.47,Kitchen & Dining,7
9186,Ninja Blender,22.37,Home & Garden,12
5931,Samsung Galaxy S21,972.68,Kitchen & Dining,7
6871,Vichy Mineral 89 Serum,813.11,Health & Personal Care,10
9602,Olay Total Effects,1460.22,Home & Garden,12
6665,Craftsman Tool Set,232.8,Sports & Outdoors,11
3944,Makita Circular Saw,502.54,Tools & Home Improvement,5
2152,Garmin Forerunner 945,460.98,Home & Garden,12
4228,Bosch Dishwasher,1152.3,Electronics,9
5713,Trek Marlin 7 Mountain Bike,399.28,Kitchen & Dining,7
2876,Craftsman Tool Set,877.7,Tools & Home Improvement,5
3082,Huffy Cruiser Bike,967.6,Health & Personal Care,10
9763,Salomon Trail Running Shoes,1268.95,Apparel,11
7782,Sony WH-1000XM4 Headphones,72.57,Tools & Home Improvement,5
1943,LG Washing Machine,1205.51,Tools & Home Improvement,5
2837,DeWalt Cordless Drill,733.7,Apparel,11
5741,Garnier Micellar Water,1307.31,Kitchen & Dining,7
6797,Braun Electric Shaver,135.84,Beauty,8
2923,Stanley Tool Box,1145.75,Home Appliances,6
4444,Garmin Forerunner 945,176.53,Apparel,11
5527,Champion Sweatshirt,355.94,Electronics,9
2313,Philips Sonicare Toothbrush,1195.9,Home & Garden,12
1563,L'Oréal Paris Shampoo,212.53,Sports & Outdoors,11
9784,Stanley Tool Box,886.28,Tools & Home Improvement,5
1695,Oral-B Electric Toothbrush,309.73,Beauty,8
4674,Philips Sonicare Toothbrush,38.34,Health & Personal Care,10
3950,Garmin Edge 530,656.62,Electronics,9
5881,Adidas Ultraboost Shoes,867.14,Home Appliances,6
2348,Garmin Edge 530,1408.12,Sports & Outdoors,11
8972,Salomon Trail Running Shoes,1254.88,Sports & Outdoors,11
3336,Dyson V11 Vacuum,594.41,Tools & Home Improvement,5
5761,Champion Sweatshirt,7.97,Tools & Home Improvement,5
4551,Patagonia Down Jacket,1140.39,Health & Personal Care,10
1667,Samsung Galaxy S21,1207.73,Sports & Outdoors,11
6217,Vichy Mineral 89 Serum,233.84,Health & Personal Care,10
6102,Patagonia Down Jacket,1479.08,Electronics,9
2859,Adidas Ultraboost Shoes,590.9,Home Appliances,6
5079,Keurig Coffee Maker,297.32,Kitchen & Dining,7
6986,Craftsman Tool Set,800.42,Kitchen & Dining,7
7402,Patagonia Down Jacket,1359.74,Home & Garden,12
6426,Instant Pot Duo,46.09,Sports & Outdoors,11
6917,Olay Total Effects,522.98,Health & Personal Care,10
1661,Garmin Forerunner 945,972.15,Sports & Outdoors,11
6508,KitchenAid Stand Mixer,1435.77,Health & Personal Care,10
1190,Adidas Ultraboost Shoes,325.29,Home Appliances,6
7959,Patagonia Down Jacket,380.0,Sports & Outdoors,11
1362,"Samsung 65"" QLED TV",1489.42,Home Appliances,6
1583,Patagonia Down Jacket,782.1,Sports & Outdoors,11
1323,"Samsung 65"" QLED TV",1340.4,Home Appliances,6
8428,Bose QuietComfort 35 II,741.24,Kitchen & Dining,7
1315,"Samsung 65"" QLED TV",55.54,Tools & Home Improvement,5
2431,Bosch Dishwasher,1062.69,Kitchen & Dining,7
6851,Oral-B Electric Toothbrush,1271.17,Home & Garden,12
5799,MSI Gaming Monitor,828.83,Health & Personal Care,10
1634,Hamilton Beach Coffee Maker,93.14,Apparel,11
5802,Patagonia Down Jacket,135.76,Electronics,9
2631,Vichy Mineral 89 Serum,391.83,Sports & Outdoors,11
6467,Salomon Trail Running Shoes,232.81,Electronics,9
7789,Olay Total Effects,607.13,Apparel,11
3352,DeLonghi Espresso Machine,745.75,Electronics,9
5332,Neutrogena Hydro Boost Gel,271.44,Home & Garden,12
2599,Reebok Workout Leggings,239.82,Kitchen & Dining,7
5017,Keurig Coffee Maker,1320.34,Health & Personal Care,10
5882,MSI Gaming Monitor,431.22,Home Appliances,6
1969,Canon EOS Rebel Camera,940.46,Apparel,11
6123,The North Face Parka,672.8,Health & Personal Care,10
5415,Maybelline Mascara,1163.05,Tools & Home Improvement,5
5818,Stanley Tool Box,1251.75,Electronics,9
5243,Dyson V11 Vacuum,257.8,Home & Garden,12
9185,Dyson V11 Vacuum,1359.75,Apparel,11
3410,Under Armour Hoodie,825.17,Home & Garden,12
2604,Adidas Ultraboost Shoes,385.52,Home & Garden,12
2409,Bose QuietComfort 35 II,1253.67,Tools & Home Improvement,5
4422,Vichy Mineral 89 Serum,242.36,Tools & Home Improvement,5
1970,Olay Regenerist Cream,1391.17,Sports & Outdoors,11
7341,Patagonia Down Jacket,977.99,Beauty,8
1484,Puma Running Shorts,750.52,Kitchen & Dining,7
3854,Canon EOS Rebel Camera,182.63,Home & Garden,12
3581,Craftsman Tool Set,1152.97,Apparel,11
9434,Garnier Micellar Water,18.56,Beauty,8
3095,MSI Gaming Monitor,175.21,Beauty,8
9571,Ninja Blender,790.9,Electronics,9
9852,Trek Marlin 7 Mountain Bike,80.13,Beauty,8
8999,L'Oréal Paris Shampoo,172.82,Beauty,8
5454,Bosch Dishwasher,249.1,Kitchen & Dining,7
9277,Neutrogena Hydro Boost Gel,359.81,Kitchen & Dining,7
1257,Instant Pot Duo,921.63,Tools & Home Improvement,5
9500,Asus ROG Gaming Laptop,324.32,Home & Garden,12
6054,DeWalt Cordless Drill,1131.55,Beauty,8
1083,Whirlpool Refrigerator,613.21,Home Appliances,6
5516,Canon EOS Rebel Camera,1401.2,Apparel,11
3190,Champion Sweatshirt,1277.68,Home Appliances,6
5152,Puma Running Shorts,1302.73,Home Appliances,6
5165,Whirlpool Refrigerator,709.81,Sports & Outdoors,11
1116,Garmin Forerunner 945,419.01,Tools & Home Improvement,5
5975,Clinique Moisture Surge,1251.21,Sports & Outdoors,11
3674,Columbia Fleece Jacket,1402.7,Beauty,8
2812,Patagonia Down Jacket,74.63,Apparel,11
9364,Whirlpool Refrigerator,23.04,Electronics,9
9402,Ninja Blender,965.42,Beauty,8
1392,Polar H10 Heart Rate Sensor,293.88,Health & Personal Care,10
5228,MSI Gaming Monitor,1063.27,Electronics,9
8676,Black+Decker Toaster Oven,1323.0,Sports & Outdoors,11
4234,Hamilton Beach Coffee Maker,1059.6,Beauty,8
7895,JBL Flip 5 Speaker,797.39,Beauty,8
2336,Salomon Trail Running Shoes,1114.95,Home Appliances,6
6735,Timex Ironman Watch,656.17,Kitchen & Dining,7
4623,Bosch Dishwasher,1020.5,Home & Garden,12
6781,Makita Circular Saw,1375.03,Apparel,11
7669,Makita Circular Saw,1483.76,Home Appliances,6
3677,L'Oréal Paris Shampoo,239.26,Kitchen & Dining,7
2498,DeWalt Cordless Drill,1216.69,Home Appliances,6
6817,Garnier Micellar Water,164.18,Home Appliances,6
8452,Olay Regenerist Cream,1115.76,Electronics,9
5767,The North Face Parka,296.5,Electronics,9
5335,JBL Flip 5 Speaker,177.87,Home Appliances,6
1472,Ninja Blender,730.78,Home & Garden,12
5328,Hamilton Beach Coffee Maker,450.16,Home Appliances,6
1939,Oral-B Electric Toothbrush,1383.16,Home & Garden,12
3028,Black+Decker Toaster Oven,1068.24,Apparel,11
9023,Nike Air Max 270,1185.11,Apparel,11
6145,Garmin Edge 530,955.13,Kitchen & Dining,7
8436,Keurig Coffee Maker,172.52,Health & Personal Care,10
5856,Salomon Trail Running Shoes,13.44,Tools & Home Improvement,5
2866,Patagonia Down Jacket,1151.89,Sports & Outdoors,11
4359,Asus ROG Gaming Laptop,997.45,Home & Garden,12
2053,Champion Sweatshirt,891.13,Home & Garden,12
7930,Champion Sweatshirt,574.27,Health & Personal Care,10
8533,Samsung Galaxy S21,28.63,Kitchen & Dining,7
9439,T-Fal Cookware Set,561.48,Beauty,8
5825,Patagonia Down Jacket,555.99,Beauty,8
8097,Olay Regenerist Cream,1059.96,Apparel,11
2998,Apple MacBook Pro,372.08,Kitchen & Dining,7
4914,JBL Flip 5 Speaker,300.29,Apparel,11
5426,Maybelline Mascara,1334.85,Apparel,11
4248,Hamilton Beach Coffee Maker,200.96,Health & Personal Care,10
7318,Keurig Coffee Maker,680.76,Kitchen & Dining,7
7721,Instant Pot Duo,996.09,Tools & Home Improvement,5
2422,Philips Sonicare Toothbrush,363.88,Beauty,8
3522,KitchenAid Stand Mixer,1455.98,Tools & Home Improvement,5
6081,"Samsung 65"" QLED TV",504.91,Health & Personal Care,10
7000,Makita Circular Saw,1188.94,Tools & Home Improvement,5
9828,MSI Gaming Monitor,277.24,Kitchen & Dining,7
9144,Polar H10 Heart Rate Sensor,1071.97,Electronics,9
8995,Fitbit Charge 4,615.79,Kitchen & Dining,7
3498,Garmin Edge 530,57.14,Electronics,9
6068,Levi's 501 Original Jeans,143.7,Home Appliances,6
9386,Craftsman Tool Set,583.41,Apparel,11
2718,Vichy Mineral 89 Serum,839.67,Apparel,11
9245,Hamilton Beach Coffee Maker,27.41,Home Appliances,6
4064,Salomon Trail Running Shoes,45.15,Health & Personal Care,10
9835,Adidas Ultraboost Shoes,638.61,Electronics,9
5755,Olay Regenerist Cream,1324.86,Kitchen & Dining,7
5673,Neutrogena Hydro Boost Gel,463.1,Sports & Outdoors,11
6208,Trek Marlin 7 Mountain Bike,1086.47,Home Appliances,6
3360,JBL Flip 5 Speaker,965.72,Sports & Outdoors,11
8021,DeLonghi Espresso Machine,100.75,Apparel,11
5637,Adidas Ultraboost Shoes,175.36,Kitchen & Dining,7
4992,Puma Running Shorts,1053.25,Apparel,11
1918,Neutrogena Hydro Boost Gel,685.39,Beauty,8
7702,Bose QuietComfort 35 II,939.85,Sports & Outdoors,11
9422,Nike Air Max 270,428.86,Health & Personal Care,10
9869,LG Washing Machine,596.02,Health & Personal Care,10
7858,Oral-B Electric Toothbrush,223.27,Beauty,8
1211,Hamilton Beach Coffee Maker,1374.48,Kitchen & Dining,7
1837,Hamilton Beach Coffee Maker,808.43,Tools & Home Improvement,5
9216,Nike Air Max 270,506.32,Home & Garden,12
8091,Instant Pot Duo,422.01,Beauty,8
3589,Under Armour Hoodie,781.06,Health & Personal Care,10
4185,Phillips Airfryer,110.77,Sports & Outdoors,11
7798,Polar H10 Heart Rate Sensor,1278.29,Sports & Outdoors,11
8512,Nike Air Max 270,263.72,Kitchen & Dining,7
3936,Fitbit Charge 4,1499.82,Home & Garden,12
8818,Salomon Trail Running Shoes,225.26,Tools & Home Improvement,5
4412,"Samsung 65"" QLED TV",785.69,Home Appliances,6
2681,DeLonghi Espresso Machine,1166.6,Tools & Home Improvement,5
5434,Garmin Edge 530,1327.37,Home & Garden,12
8269,Whirlpool Refrigerator,891.74,Home & Garden,12
9788,KitchenAid Stand Mixer,562.16,Tools & Home Improvement,5
4545,JBL Flip 5 Speaker,1221.81,Beauty,8
4327,Garmin Forerunner 945,956.9,Home Appliances,6
7576,Garmin Forerunner 945,1220.4,Home Appliances,6
3792,Maybelline Mascara,449.27,Home Appliances,6
2218,T-Fal Cookware Set,1070.45,Sports & Outdoors,11
1850,Patagonia Down Jacket,834.61,Tools & Home Improvement,5
5160,Makita Circular Saw,1441.64,Sports & Outdoors,11
8782,Asus ROG Gaming Laptop,535.2,Sports & Outdoors,11
6886,Skil Cordless Screwdriver,841.76,Home & Garden,12
6655,DeWalt Cordless Drill,289.25,Sports & Outdoors,11
9313,LG Washing Machine,792.3,Sports & Outdoors,11
5511,Bosch Dishwasher,755.28,Beauty,8
